Respondent_Serial,QLanguage,Q3_CAT_AU_E_TN_DEV,Qcountry,Main_Boost,AGE,LegalAge,LegalAge1,LegalAge2,SEX,DEMO_REG,DEMO_EDUC,DEMO_OCC,UsertypeN#24,UsertypeN#25,UsertypeN#26,UsertypeN#27,UsertypeN#28,AGE_GROUP_2,Q5_PBAT_SPONT_AWARE_TOM,MHI_Groups
23822011917320.0,,1.0,238.0,1.0,61.0,18,1,1,1.0,1621.0,274.0,520,0,0,0,1,1,6,,4
23822011917322.0,133.0,,,1.0,51.0,18,1,1,1.0,1621.0,274.0,80,0,0,0,1,1,5,,4
23822011917344.0,133.0,,238.0,1.0,40.0,18,1,1,1.0,1621.0,407.0,498,0,0,0,1,1,4,,4
23822011917377.0,133.0,2.0,238.0,1.0,26.0,18,1,1,1.0,1621.0,406.0,80,0,0,0,1,1,2,,4
23822011917404.0,133.0,1.0,238.0,1.0,37.0,18,1,1,1.0,1621.0,406.0,520,0,0,0,1,1,3,,4
23822011917542.0,133.0,,238.0,1.0,31.0,18,1,1,1.0,1621.0,274.0,80,0,0,0,1,1,3,,4
23822011917543.0,133.0,,238.0,1.0,21.0,18,1,1,1.0,1621.0,407.0,80,0,0,0,1,1,2,,4
23822011917544.0,133.0,,238.0,1.0,39.0,18,1,1,1.0,1621.0,405.0,498,0,0,0,1,1,3,,4
23822011917545.0,133.0,,,1.0,32.0,18,1,1,1.0,1621.0,274.0,80,0,0,0,1,1,3,,4
23822011917546.0,133.0,,238.0,1.0,29.0,18,1,1,1.0,1621.0,274.0,80,0,0,0,1,1,2,,4
23822011917547.0,133.0,1.0,238.0,1.0,24.0,18,1,1,1.0,1621.0,274.0,520,0,0,0,1,1,2,,4
23822011917554.0,133.0,,238.0,1.0,25.0,18,1,1,1.0,1622.0,405.0,520,0,0,0,1,1,2,,4
23822011917555.0,133.0,,238.0,1.0,42.0,18,1,1,1.0,1622.0,407.0,515,0,0,0,1,1,4,,4
23822011917556.0,133.0,,238.0,1.0,19.0,18,1,2,1.0,1622.0,405.0,80,0,0,0,1,1,1,,4
23822011917557.0,133.0,,238.0,1.0,45.0,18,1,1,1.0,1622.0,407.0,520,0,0,0,1,1,4,,4
23822011917558.0,133.0,,238.0,1.0,29.0,18,1,1,1.0,1622.0,407.0,501,0,0,0,1,1,2,,4
23822011917559.0,133.0,,238.0,1.0,20.0,18,1,1,1.0,1622.0,405.0,520,0,0,0,1,1,1,,4
23822011917726.0,133.0,,238.0,1.0,43.0,18,1,1,,,405.0,520,0,0,0,1,1,4,,4
23822011917727.0,133.0,,238.0,1.0,46.0,18,1,1,1.0,1623.0,405.0,498,0,0,0,1,1,4,,4
23822011917728.0,133.0,,238.0,1.0,53.0,18,1,1,1.0,1623.0,405.0,520,0,0,0,1,1,5,,4
23822011917729.0,133.0,,238.0,1.0,36.0,18,1,1,1.0,1623.0,274.0,520,0,0,0,1,1,3,,4
23822011917730.0,133.0,2.0,238.0,1.0,34.0,18,1,1,1.0,1623.0,405.0,520,0,0,0,1,1,3,,4
23822011917731.0,,,238.0,1.0,35.0,18,1,1,1.0,1623.0,405.0,503,0,0,0,1,1,3,,4
23822011917732.0,133.0,,238.0,1.0,29.0,18,1,1,1.0,1623.0,405.0,520,0,0,0,1,1,2,,4
23822011917733.0,133.0,2.0,238.0,1.0,33.0,18,1,1,1.0,1623.0,274.0,520,0,0,0,1,1,3,,4
23822011917757.0,133.0,2.0,238.0,1.0,26.0,18,1,1,1.0,1621.0,404.0,80,0,0,0,1,1,2,,4
23822011917797.0,133.0,,238.0,1.0,43.0,18,1,1,1.0,1624.0,274.0,520,0,0,0,1,1,4,,4
23822011917798.0,133.0,,238.0,1.0,58.0,18,1,1,1.0,1624.0,405.0,520,0,0,0,1,1,5,,4
23822011917799.0,133.0,,238.0,1.0,35.0,18,1,1,1.0,1624.0,407.0,498,0,0,0,1,1,3,,4
23822011917800.0,133.0,,238.0,1.0,32.0,18,1,1,1.0,1624.0,405.0,80,0,0,0,1,1,3,,4
23822011917818.0,133.0,1.0,238.0,1.0,38.0,18,1,1,1.0,1621.0,405.0,80,0,0,0,1,1,3,,4
,133.0,1.0,238.0,1.0,37.0,18,1,1,1.0,1621.0,407.0,520,0,0,0,1,1,3,,4
23822011917820.0,,1.0,238.0,1.0,32.0,18,1,1,1.0,1621.0,408.0,501,0,0,0,1,1,3,,4
23822011917852.0,133.0,1.0,238.0,1.0,20.0,18,1,1,1.0,1621.0,407.0,501,0,0,0,1,1,1,,4
23822011917853.0,133.0,2.0,238.0,1.0,30.0,18,1,1,1.0,1623.0,404.0,80,0,0,0,1,1,3,,4
23822011917856.0,133.0,2.0,238.0,1.0,24.0,18,1,1,1.0,1623.0,407.0,80,0,0,0,1,1,2,,4
23822011917857.0,133.0,,238.0,1.0,30.0,18,1,1,,,407.0,520,0,0,0,1,1,3,,4
23822011917858.0,133.0,2.0,238.0,1.0,31.0,18,1,1,1.0,1623.0,405.0,520,0,0,0,0,1,3,,4
23822011917859.0,133.0,2.0,238.0,1.0,36.0,18,1,1,1.0,1623.0,405.0,80,0,0,0,1,1,3,,4
23822011917860.0,133.0,2.0,238.0,1.0,20.0,18,1,1,1.0,1623.0,273.0,520,0,0,0,1,1,1,,4
23822011917868.0,133.0,,238.0,1.0,35.0,18,1,1,1.0,1621.0,404.0,80,0,0,0,1,1,3,,4
23822011917869.0,133.0,1.0,238.0,1.0,43.0,18,1,1,1.0,1621.0,405.0,498,0,0,0,1,1,4,,4
23822011917870.0,133.0,2.0,238.0,1.0,,18,1,1,1.0,1621.0,,501,0,0,0,1,1,3,,4
23822011917871.0,133.0,1.0,,1.0,25.0,18,1,1,1.0,1621.0,405.0,80,0,0,0,1,1,2,,4
23822011917888.0,133.0,,238.0,1.0,24.0,18,1,1,1.0,1622.0,273.0,80,0,0,0,1,1,2,,4
23822011917889.0,133.0,,238.0,1.0,19.0,18,1,2,,1622.0,405.0,80,0,0,0,1,1,1,,4
23822011917890.0,,,238.0,1.0,58.0,18,1,1,1.0,1622.0,405.0,520,0,0,0,1,1,5,,4
23822011917891.0,133.0,1.0,238.0,1.0,,18,1,1,1.0,1622.0,407.0,515,0,0,0,1,1,3,,4
23822011917892.0,133.0,,238.0,1.0,40.0,18,1,1,1.0,1622.0,273.0,80,0,0,0,1,1,4,,4
23822011917893.0,133.0,,238.0,1.0,31.0,18,1,1,1.0,1622.0,404.0,80,0,0,0,1,1,3,,4
23822011917895.0,133.0,,238.0,1.0,34.0,18,1,1,1.0,1622.0,405.0,520,0,0,0,1,1,3,,4
23822011917896.0,133.0,,238.0,1.0,37.0,18,1,1,1.0,1621.0,405.0,520,0,0,0,1,1,3,,4
23822011917897.0,133.0,,238.0,1.0,46.0,18,1,1,1.0,1621.0,273.0,520,0,0,0,1,1,4,,4
23822011917898.0,133.0,2.0,238.0,1.0,44.0,18,1,1,1.0,1625.0,274.0,498,0,0,0,1,1,4,,4
23822011917899.0,133.0,,238.0,1.0,32.0,18,1,1,1.0,1625.0,406.0,520,0,0,0,1,1,3,,4
23822011917925.0,133.0,,238.0,1.0,44.0,18,1,1,1.0,1621.0,404.0,520,0,0,0,1,1,4,,4
23822011917926.0,133.0,,238.0,1.0,,18,1,1,,1621.0,404.0,520,0,0,0,1,1,6,,4
23822011917927.0,133.0,,238.0,1.0,37.0,18,1,1,1.0,1621.0,405.0,520,0,0,0,1,1,3,,4
23822011917928.0,133.0,,238.0,1.0,23.0,18,1,1,1.0,1621.0,407.0,520,0,0,0,1,1,2,,4
23822011917929.0,133.0,,238.0,1.0,26.0,18,1,1,1.0,1621.0,405.0,520,0,0,0,1,1,2,,4
23822011917961.0,133.0,1.0,238.0,1.0,30.0,18,1,1,1.0,1623.0,273.0,520,0,0,0,1,1,3,,4
23822011917962.0,133.0,1.0,238.0,1.0,25.0,18,1,1,1.0,1623.0,273.0,80,0,0,0,1,1,2,,4
23822011917963.0,133.0,,238.0,1.0,23.0,18,1,1,1.0,1623.0,273.0,80,0,0,0,1,1,2,,4
23822011917964.0,133.0,,238.0,1.0,21.0,18,1,1,1.0,1623.0,405.0,80,0,0,0,1,1,2,,4
23822011917965.0,133.0,1.0,238.0,1.0,27.0,18,1,1,1.0,1623.0,405.0,80,0,0,0,1,1,2,,4
23822011917984.0,133.0,,238.0,1.0,27.0,18,1,1,1.0,1621.0,404.0,80,0,0,0,1,1,2,,4
23822011917985.0,133.0,1.0,238.0,1.0,25.0,18,1,1,1.0,1621.0,274.0,80,0,0,0,1,1,2,,4
23822011917986.0,133.0,1.0,238.0,1.0,25.0,18,1,1,1.0,1621.0,405.0,80,0,0,0,0,1,2,,4
23822011917987.0,133.0,1.0,238.0,1.0,29.0,18,1,1,1.0,1621.0,405.0,80,0,0,0,1,1,2,,4
23822011917988.0,133.0,,238.0,1.0,52.0,18,1,1,1.0,1621.0,405.0,520,0,0,0,1,1,5,,4
23822011917989.0,133.0,,238.0,1.0,,18,1,1,1.0,1621.0,273.0,80,0,0,0,1,1,3,,4
23822011918003.0,133.0,,238.0,1.0,22.0,18,1,1,1.0,1623.0,405.0,520,0,0,0,1,1,2,,4
23822011918004.0,133.0,1.0,238.0,1.0,28.0,18,1,1,1.0,1623.0,406.0,520,0,0,0,1,1,2,,4
23822011918005.0,133.0,,238.0,1.0,26.0,18,1,1,1.0,1623.0,405.0,520,0,0,0,1,1,2,,4
23822011918006.0,133.0,,238.0,1.0,31.0,18,1,1,1.0,1623.0,406.0,520,0,0,0,1,1,3,,4
23822011918007.0,133.0,,238.0,1.0,35.0,18,1,1,1.0,1623.0,274.0,520,0,0,0,1,1,3,,4
23822011918038.0,133.0,,238.0,1.0,41.0,18,1,1,1.0,1621.0,273.0,520,0,0,0,1,1,4,,4
,,1.0,238.0,1.0,33.0,18,1,1,1.0,1621.0,407.0,80,0,0,0,1,1,3,,4
23822011918040.0,133.0,1.0,238.0,1.0,34.0,18,1,1,1.0,1621.0,273.0,80,0,0,0,1,1,3,,4
23822011918062.0,133.0,,238.0,1.0,35.0,18,1,1,1.0,1625.0,,80,0,0,0,1,1,3,,4
23822011918063.0,133.0,,238.0,1.0,42.0,18,1,1,,1625.0,406.0,80,0,0,0,1,1,4,,4
23822011918064.0,133.0,1.0,,1.0,24.0,18,1,1,1.0,1625.0,405.0,80,0,0,0,1,1,2,,4
23822011918108.0,133.0,1.0,238.0,1.0,30.0,18,1,1,1.0,1621.0,407.0,80,0,0,0,1,1,3,,4
23822011918109.0,133.0,1.0,238.0,1.0,19.0,18,1,2,1.0,1621.0,405.0,80,0,0,0,1,1,1,,4
23822011918110.0,133.0,1.0,238.0,1.0,,18,1,1,1.0,1621.0,405.0,80,0,0,0,1,1,5,,4
23822011918111.0,133.0,1.0,238.0,1.0,43.0,18,1,1,1.0,1621.0,406.0,80,0,0,0,1,1,4,,4
23822011918112.0,133.0,1.0,238.0,1.0,40.0,18,1,1,1.0,1621.0,405.0,80,0,0,0,1,1,4,,4
23822011918120.0,133.0,1.0,238.0,1.0,20.0,18,1,1,1.0,1624.0,273.0,80,0,0,0,1,1,1,,4
23822011918121.0,133.0,,238.0,1.0,32.0,18,1,1,1.0,1624.0,405.0,520,0,0,0,1,1,3,,4
23822011918190.0,133.0,,238.0,1.0,40.0,18,1,1,1.0,1625.0,273.0,80,0,0,0,1,1,4,,4
23822011918191.0,133.0,,238.0,1.0,27.0,18,1,1,1.0,1625.0,273.0,520,0,0,0,1,1,2,,4
23822011918193.0,133.0,,238.0,1.0,38.0,18,1,1,1.0,1625.0,273.0,80,0,0,0,1,1,3,,4
23822011918194.0,133.0,,238.0,1.0,42.0,18,1,1,1.0,1625.0,404.0,520,0,0,0,1,1,4,,4
23822011918195.0,133.0,,238.0,1.0,,18,1,1,1.0,1625.0,406.0,520,0,0,0,1,1,4,,4
23822011918255.0,133.0,,238.0,1.0,41.0,18,1,1,1.0,1621.0,406.0,80,0,0,0,1,1,4,,4
23822011918256.0,133.0,,238.0,1.0,24.0,18,1,1,1.0,1621.0,406.0,80,0,0,0,1,1,2,,4
23822011918257.0,133.0,,238.0,1.0,25.0,18,1,1,1.0,1621.0,405.0,520,0,0,0,1,1,2,,4
23822011918258.0,133.0,1.0,238.0,1.0,20.0,18,1,1,1.0,1621.0,405.0,80,0,0,0,1,1,1,,4
23822011918320.0,133.0,,238.0,1.0,37.0,18,1,1,1.0,1622.0,405.0,80,0,0,0,1,1,3,,4
23822011918321.0,,,238.0,1.0,31.0,18,1,1,1.0,1622.0,407.0,520,0,0,0,1,1,3,,4
23822011918322.0,133.0,1.0,238.0,1.0,23.0,18,1,1,1.0,1622.0,405.0,80,0,0,0,1,1,2,,4
23822011918323.0,133.0,2.0,238.0,1.0,32.0,18,1,1,1.0,1622.0,407.0,515,0,0,0,1,1,3,,4
23822011918324.0,133.0,1.0,238.0,1.0,41.0,18,1,1,1.0,1622.0,406.0,515,0,0,0,1,1,4,,4
23822011918325.0,133.0,1.0,238.0,1.0,52.0,18,1,1,1.0,1622.0,405.0,80,0,0,0,1,1,5,,4
23822011918375.0,,,238.0,1.0,38.0,18,1,1,1.0,1622.0,273.0,520,0,0,0,1,1,3,,4
23822011918376.0,,,238.0,1.0,41.0,18,1,1,1.0,1622.0,407.0,503,0,0,0,1,1,4,,4
23822011918377.0,133.0,,238.0,1.0,34.0,18,1,1,1.0,1622.0,273.0,520,0,0,0,1,1,3,,4
23822011918378.0,133.0,,238.0,1.0,20.0,18,1,1,1.0,1622.0,405.0,520,0,0,0,1,1,1,,4
23822011918379.0,133.0,,238.0,1.0,52.0,18,1,1,1.0,1622.0,405.0,520,0,0,0,1,1,5,,4
23822011918380.0,133.0,,238.0,1.0,23.0,18,1,1,1.0,1622.0,405.0,520,0,0,0,1,1,2,,4
23822011918384.0,133.0,,238.0,1.0,35.0,18,1,1,1.0,1621.0,404.0,520,0,0,0,1,1,3,,4
23822011918385.0,133.0,,238.0,1.0,,18,1,1,1.0,1621.0,405.0,520,0,0,0,1,1,2,,4
23822011918386.0,133.0,,238.0,1.0,23.0,18,1,1,1.0,1621.0,405.0,80,0,0,0,1,1,2,,4
23822011918387.0,133.0,,238.0,1.0,45.0,18,1,1,1.0,1621.0,405.0,515,0,0,0,1,1,4,,4
23822011918391.0,133.0,1.0,238.0,1.0,33.0,18,1,1,1.0,1621.0,407.0,498,0,0,0,1,1,3,,4
23822011918392.0,133.0,1.0,238.0,1.0,32.0,18,1,1,1.0,1621.0,404.0,80,0,0,0,1,1,3,,4
23822011918393.0,133.0,,238.0,1.0,45.0,18,1,1,1.0,1621.0,406.0,80,0,0,0,1,1,4,,4
23822011918394.0,133.0,,238.0,1.0,25.0,18,1,1,1.0,1621.0,406.0,520,0,0,0,1,1,2,,4
23822011918395.0,133.0,1.0,238.0,1.0,23.0,18,1,1,1.0,1621.0,406.0,520,0,0,0,1,1,2,,4
23822011918396.0,133.0,1.0,238.0,1.0,20.0,18,1,1,1.0,1621.0,406.0,515,0,0,0,1,1,1,,4
23822011918440.0,133.0,,238.0,1.0,31.0,18,1,1,1.0,1621.0,404.0,80,0,0,0,1,1,3,,4
23822011918442.0,133.0,,238.0,1.0,28.0,18,1,1,,1621.0,405.0,80,0,0,0,1,1,2,,4
23822011918443.0,133.0,,238.0,1.0,49.0,18,1,1,,,274.0,80,0,0,0,1,1,4,,4
23822011918444.0,133.0,,238.0,1.0,20.0,18,1,1,1.0,1622.0,404.0,80,0,0,0,1,1,1,,4
23822011918445.0,133.0,,238.0,1.0,36.0,18,1,1,1.0,1622.0,405.0,520,0,0,0,1,1,3,,4
23822011918446.0,133.0,1.0,238.0,1.0,36.0,18,1,1,1.0,1622.0,406.0,80,0,0,0,1,1,3,,4
23822011918447.0,133.0,,238.0,1.0,,18,1,1,1.0,1622.0,407.0,80,0,0,0,1,1,2,,4
23822011918449.0,133.0,,,1.0,24.0,18,1,1,1.0,1622.0,273.0,80,0,0,0,1,1,2,,4
23822011918450.0,133.0,,238.0,1.0,22.0,18,1,1,1.0,1622.0,406.0,520,0,0,0,1,1,2,,4
23822011918451.0,133.0,,238.0,1.0,33.0,18,1,1,1.0,1622.0,405.0,520,0,0,0,1,1,3,,4
23822011918452.0,133.0,1.0,238.0,1.0,32.0,18,1,1,1.0,1622.0,407.0,520,0,0,0,1,1,3,,4
23822011918453.0,133.0,2.0,238.0,1.0,35.0,18,1,1,1.0,1622.0,407.0,515,0,0,0,1,1,3,,4
23822011918454.0,133.0,,238.0,1.0,46.0,18,1,1,1.0,1622.0,,520,0,0,0,1,1,4,,4
23822011918464.0,133.0,,238.0,1.0,46.0,18,1,1,1.0,1624.0,274.0,520,0,0,0,1,1,4,,4
23822011918465.0,133.0,,238.0,1.0,38.0,18,1,1,1.0,,405.0,80,0,0,0,1,1,3,,4
23822011918469.0,133.0,2.0,238.0,1.0,29.0,18,1,1,1.0,1621.0,273.0,520,0,0,0,1,1,2,,4
23822011918470.0,133.0,,238.0,1.0,45.0,18,1,1,1.0,1621.0,406.0,520,0,0,0,1,1,4,,4
23822011918471.0,133.0,,238.0,1.0,30.0,18,1,1,1.0,1621.0,405.0,520,0,0,0,1,1,3,,4
23822011918478.0,133.0,,238.0,1.0,41.0,18,1,1,,1624.0,405.0,80,0,0,0,1,1,4,,4
23822011918479.0,133.0,,238.0,1.0,32.0,18,1,1,1.0,1624.0,273.0,520,0,0,0,1,1,3,,4
23822011918480.0,133.0,,238.0,1.0,22.0,18,1,1,1.0,,273.0,80,0,0,0,1,1,2,,4
23822011918481.0,133.0,,238.0,1.0,42.0,18,1,1,1.0,1624.0,273.0,520,0,0,0,1,1,4,,4
23822011918482.0,133.0,,238.0,1.0,31.0,18,1,1,1.0,1624.0,273.0,520,0,0,0,1,1,3,,4
23822011918484.0,133.0,,238.0,1.0,45.0,18,1,1,1.0,1621.0,406.0,498,0,0,0,1,1,4,,4
23822011918485.0,133.0,,238.0,1.0,38.0,18,1,1,1.0,1621.0,406.0,498,0,0,0,1,1,3,,4
,133.0,,238.0,,37.0,18,1,1,1.0,1621.0,,520,0,0,0,1,1,3,,4
23822011918487.0,133.0,,238.0,1.0,48.0,18,1,1,1.0,1621.0,406.0,498,0,0,0,1,1,4,,4
23822011918488.0,133.0,,238.0,1.0,21.0,18,1,1,1.0,1621.0,406.0,520,0,0,0,0,1,2,,4
23822011918489.0,133.0,3.0,238.0,1.0,45.0,18,1,1,1.0,1621.0,405.0,80,0,0,0,1,1,4,,4
23822011918508.0,133.0,,238.0,1.0,30.0,18,1,1,1.0,1621.0,405.0,80,0,0,0,1,1,3,,4
23822011918509.0,133.0,,238.0,1.0,36.0,18,1,1,1.0,1621.0,273.0,520,0,0,0,1,1,3,,4
23822011918511.0,,,238.0,1.0,27.0,18,1,1,1.0,1621.0,406.0,520,0,0,0,0,1,2,,4
23822011918512.0,133.0,,238.0,1.0,31.0,18,1,1,1.0,1621.0,407.0,520,0,0,0,1,1,3,,4
23822011918514.0,133.0,,238.0,1.0,22.0,18,1,1,1.0,1621.0,405.0,520,0,0,0,1,1,2,,4
23822011918516.0,133.0,,238.0,1.0,23.0,18,1,1,1.0,,407.0,520,0,0,0,1,1,2,,4
23822011918517.0,133.0,,238.0,1.0,35.0,18,1,1,1.0,1621.0,407.0,498,0,0,0,1,1,3,,4
23822011918529.0,,,238.0,1.0,40.0,18,1,1,1.0,1621.0,273.0,80,0,0,0,1,1,4,,4
23822011918530.0,133.0,1.0,,1.0,24.0,18,1,1,1.0,1621.0,274.0,80,0,0,0,0,1,2,,4
23822011918531.0,133.0,1.0,238.0,1.0,26.0,18,1,1,1.0,1621.0,408.0,80,0,0,0,1,1,2,,4
23822011918532.0,,1.0,238.0,1.0,19.0,18,1,2,1.0,1621.0,273.0,520,0,0,0,1,1,1,,4
23822011918533.0,133.0,1.0,238.0,1.0,24.0,18,1,1,1.0,1621.0,407.0,80,0,0,0,1,1,2,,4
23822011918534.0,133.0,1.0,238.0,1.0,30.0,18,1,1,1.0,1621.0,274.0,80,0,0,0,0,1,3,,4
23822011918547.0,133.0,1.0,238.0,1.0,47.0,18,1,1,1.0,1621.0,273.0,80,0,0,0,1,1,4,,4
23822011918548.0,133.0,,238.0,1.0,36.0,18,1,1,1.0,1621.0,404.0,520,0,0,0,1,1,3,,4
23822011918549.0,133.0,1.0,238.0,1.0,,18,1,1,1.0,1621.0,405.0,80,0,0,0,1,1,2,,4
23822011918550.0,133.0,,238.0,1.0,36.0,18,1,1,1.0,1621.0,405.0,80,0,0,0,1,1,3,,4
23822011918551.0,133.0,1.0,238.0,1.0,44.0,18,1,1,1.0,1621.0,405.0,80,0,0,0,1,1,4,,4
23822011918552.0,133.0,3.0,238.0,1.0,45.0,18,1,1,1.0,1621.0,274.0,80,0,0,0,1,1,4,,4
23822011918565.0,133.0,1.0,238.0,1.0,39.0,18,1,1,1.0,1623.0,409.0,503,0,0,0,1,1,3,,4
23822011918566.0,133.0,,238.0,1.0,46.0,18,1,1,1.0,,407.0,498,0,0,0,1,1,4,,4
23822011918567.0,133.0,1.0,238.0,1.0,30.0,18,1,1,1.0,1623.0,405.0,498,0,0,0,1,1,3,,4
23822011918568.0,133.0,3.0,238.0,1.0,24.0,18,1,1,1.0,1623.0,405.0,80,0,0,0,1,1,2,,4
23822011918569.0,133.0,,238.0,1.0,23.0,18,1,1,1.0,1623.0,405.0,80,0,0,0,1,1,2,,4
23822011918570.0,133.0,1.0,238.0,1.0,22.0,18,1,1,1.0,1623.0,405.0,80,0,0,0,1,1,2,,4
23822011918580.0,133.0,,238.0,1.0,21.0,18,1,1,1.0,1621.0,273.0,80,0,0,0,1,1,2,,4
23822011918581.0,133.0,,238.0,1.0,19.0,18,1,2,1.0,1623.0,405.0,80,0,0,0,1,1,1,,4
23822011918582.0,133.0,1.0,238.0,1.0,31.0,18,1,1,1.0,1623.0,274.0,80,0,0,0,1,1,3,,4
23822011918583.0,133.0,1.0,238.0,1.0,35.0,18,1,1,1.0,1623.0,406.0,80,0,0,0,1,1,3,,4
23822011918584.0,133.0,2.0,238.0,1.0,42.0,18,1,1,1.0,1623.0,407.0,498,0,0,0,1,1,4,,4
23822011918585.0,133.0,1.0,238.0,1.0,45.0,18,1,1,1.0,1623.0,405.0,498,0,0,0,1,1,4,,4
23822011918650.0,133.0,,238.0,1.0,19.0,18,1,2,,1621.0,405.0,520,0,0,0,1,1,1,,4
23822011918651.0,133.0,1.0,238.0,1.0,33.0,18,1,1,1.0,1621.0,407.0,80,0,0,0,1,1,3,,4
23822011918653.0,133.0,,238.0,1.0,46.0,18,1,1,1.0,1621.0,406.0,80,0,0,0,1,1,4,,4
23822011918654.0,133.0,,238.0,1.0,45.0,18,1,1,1.0,1623.0,406.0,520,0,0,0,1,1,4,,4
23822011918655.0,133.0,,238.0,1.0,24.0,18,1,1,1.0,,405.0,520,0,0,0,1,1,2,,4
23822011918656.0,133.0,,,1.0,42.0,18,1,1,1.0,1623.0,406.0,520,0,0,0,1,1,4,,4
23822011918657.0,133.0,,238.0,1.0,24.0,18,1,1,1.0,1623.0,405.0,520,0,0,0,1,1,2,,4
23822011918667.0,133.0,,238.0,1.0,48.0,18,1,1,1.0,1623.0,408.0,515,0,0,0,1,1,4,,4
23822011918668.0,133.0,,238.0,1.0,36.0,18,1,1,1.0,1623.0,406.0,515,0,0,0,1,1,3,,4
23822011918669.0,133.0,,,1.0,30.0,18,1,1,1.0,1623.0,407.0,80,0,0,0,1,1,3,,4
23822011918670.0,133.0,,238.0,1.0,32.0,18,1,1,,1623.0,407.0,520,0,0,0,1,1,3,,4
23822011918696.0,133.0,,238.0,1.0,41.0,18,1,1,1.0,1625.0,273.0,80,0,0,0,1,1,4,,4
23822011918697.0,133.0,1.0,238.0,1.0,29.0,18,1,1,1.0,1625.0,405.0,80,0,0,0,1,1,2,,4
23822011918698.0,133.0,,238.0,1.0,27.0,18,1,1,1.0,1625.0,404.0,80,0,0,0,1,1,2,,4
23822011918700.0,133.0,1.0,238.0,1.0,38.0,18,1,1,1.0,1623.0,405.0,80,0,0,0,1,1,3,,4
23822011918707.0,133.0,,238.0,1.0,50.0,18,1,1,1.0,1625.0,273.0,520,0,0,0,1,1,5,,4
23822011918708.0,133.0,,238.0,1.0,19.0,18,1,2,1.0,1625.0,274.0,80,0,0,0,1,1,1,,4
23822011918709.0,,1.0,238.0,1.0,24.0,18,1,1,1.0,1625.0,405.0,498,0,0,0,1,1,2,,4
23822011918710.0,133.0,,238.0,1.0,24.0,18,1,1,1.0,1625.0,405.0,520,0,0,0,1,1,2,,4
23822011918711.0,133.0,,238.0,1.0,52.0,18,1,1,1.0,1625.0,404.0,520,0,0,0,1,1,5,,4
23822011918712.0,133.0,,238.0,1.0,31.0,18,1,1,1.0,1625.0,406.0,515,0,0,0,1,1,3,,4
23822011918714.0,133.0,,238.0,1.0,35.0,18,1,1,1.0,1625.0,273.0,520,0,0,0,1,1,3,,4
23822011918715.0,133.0,,238.0,1.0,50.0,18,1,1,1.0,1625.0,405.0,80,0,0,0,1,1,5,,4
23822011918716.0,133.0,,238.0,1.0,35.0,18,1,1,1.0,1625.0,404.0,520,0,0,0,1,1,3,,4
23822011918717.0,133.0,,238.0,1.0,20.0,18,1,1,1.0,1625.0,274.0,80,0,0,0,1,1,1,,4
23822011918855.0,133.0,,238.0,1.0,23.0,18,1,1,1.0,1624.0,405.0,80,0,0,0,1,1,2,,4
23822011918856.0,133.0,,238.0,1.0,18.0,18,2,2,1.0,1624.0,405.0,80,0,0,0,1,1,1,,4
23822011918857.0,133.0,,238.0,1.0,27.0,18,1,1,1.0,,407.0,80,0,0,0,1,1,2,,4
23822011918858.0,133.0,,238.0,1.0,25.0,18,1,1,1.0,1624.0,405.0,80,0,0,0,1,1,2,,4
23822011919183.0,133.0,,238.0,1.0,40.0,18,1,1,1.0,1621.0,405.0,520,0,0,0,1,1,4,,4
23822011919190.0,133.0,,,1.0,41.0,18,1,1,1.0,1621.0,407.0,520,0,0,0,1,1,4,,4
23822011919280.0,133.0,,238.0,1.0,42.0,18,1,1,1.0,1621.0,404.0,80,0,0,0,1,1,4,,4
23822011919281.0,133.0,,238.0,1.0,58.0,18,1,1,1.0,1621.0,274.0,80,0,0,0,1,1,5,,4
,133.0,1.0,238.0,1.0,19.0,18,1,2,1.0,1621.0,274.0,80,0,0,0,0,1,1,,4
23822011919315.0,133.0,1.0,238.0,1.0,22.0,18,1,1,1.0,1621.0,273.0,80,0,0,0,1,1,2,,4
23822011919316.0,133.0,1.0,238.0,1.0,60.0,18,1,1,1.0,1621.0,273.0,520,0,0,0,1,1,6,,4
23822011919386.0,133.0,,238.0,1.0,21.0,18,1,1,1.0,1622.0,405.0,80,0,0,0,1,1,2,,4
23822011919387.0,133.0,1.0,238.0,1.0,51.0,18,1,1,1.0,1622.0,405.0,515,0,0,0,1,1,5,,4
23822011919388.0,,,238.0,1.0,35.0,18,1,1,1.0,1622.0,406.0,80,0,0,0,1,1,3,,4
23822011919389.0,133.0,,238.0,1.0,,18,1,1,1.0,1622.0,406.0,80,0,0,0,1,1,2,,4
23822011919390.0,133.0,,238.0,1.0,26.0,18,1,1,1.0,1622.0,407.0,80,0,0,0,1,1,2,,4
23822011919391.0,133.0,,238.0,1.0,46.0,18,1,1,1.0,1622.0,406.0,80,0,0,0,1,1,4,,4
23822011919520.0,133.0,,238.0,1.0,31.0,18,1,1,1.0,1625.0,273.0,80,0,0,0,1,1,3,,4
23822011919521.0,133.0,1.0,238.0,1.0,23.0,18,1,1,1.0,1625.0,405.0,80,0,0,0,1,1,2,,4
23822011919522.0,133.0,,238.0,1.0,37.0,18,1,1,1.0,1625.0,405.0,80,0,0,0,1,1,3,,4
23822011919524.0,,,238.0,1.0,18.0,18,2,2,1.0,1625.0,405.0,80,0,0,0,0,1,1,,4
23822011919587.0,133.0,,238.0,1.0,20.0,18,1,1,1.0,1621.0,405.0,80,0,0,0,1,1,1,,4
23822011919588.0,133.0,1.0,238.0,1.0,43.0,18,1,1,1.0,1621.0,405.0,80,0,0,0,1,1,4,,4
23822011919589.0,133.0,3.0,238.0,1.0,21.0,18,1,1,1.0,1621.0,405.0,80,0,0,0,1,1,2,,4
23822011919590.0,133.0,3.0,238.0,1.0,47.0,18,1,1,1.0,1621.0,405.0,80,0,0,0,1,1,4,,4
23822011919591.0,133.0,1.0,238.0,1.0,25.0,18,1,1,1.0,1621.0,407.0,80,0,0,0,1,1,2,,4
23822011919592.0,133.0,,238.0,1.0,35.0,18,1,1,1.0,1621.0,407.0,503,0,0,0,1,1,3,,4
23822011919593.0,133.0,,238.0,1.0,32.0,18,1,1,1.0,1623.0,405.0,520,0,0,0,1,1,3,,4
23822011919594.0,133.0,,238.0,1.0,40.0,18,1,1,1.0,1623.0,407.0,520,0,0,0,1,1,4,,4
23822011919595.0,133.0,,238.0,1.0,36.0,18,1,1,1.0,1623.0,273.0,520,0,0,0,1,1,3,,4
,133.0,,238.0,1.0,45.0,18,1,1,1.0,1623.0,404.0,520,0,0,0,1,1,4,,4
23822011919597.0,133.0,,238.0,1.0,27.0,18,1,1,1.0,1623.0,405.0,520,0,0,0,1,1,2,,4
23822011919598.0,133.0,1.0,238.0,1.0,18.0,18,2,2,1.0,1621.0,405.0,80,0,0,0,1,1,1,,4
23822011919601.0,133.0,,238.0,1.0,34.0,18,1,1,1.0,1622.0,405.0,520,0,0,0,1,1,3,,4
23822011919602.0,133.0,1.0,238.0,1.0,47.0,18,1,1,1.0,1622.0,404.0,520,0,0,0,1,1,4,,4
23822011919603.0,133.0,1.0,238.0,1.0,35.0,18,1,1,1.0,1622.0,405.0,515,0,0,0,1,1,3,,4
23822011919604.0,133.0,,238.0,1.0,34.0,18,1,1,1.0,,405.0,80,0,0,0,1,1,3,,4
23822011919605.0,133.0,,238.0,1.0,27.0,18,1,1,1.0,1624.0,407.0,80,0,0,0,1,1,2,,4
23822011919606.0,133.0,,238.0,1.0,32.0,18,1,1,1.0,1624.0,404.0,520,0,0,0,1,1,3,,4
23822011919607.0,133.0,,238.0,1.0,40.0,18,1,1,1.0,1624.0,404.0,520,0,0,0,1,1,4,,4
23822011919608.0,133.0,,238.0,,22.0,18,1,1,1.0,1624.0,404.0,80,0,0,0,1,1,2,,4
23822011919609.0,133.0,,238.0,1.0,29.0,18,1,1,1.0,,405.0,520,0,0,0,1,1,2,,4
23822011919610.0,,,238.0,1.0,22.0,18,1,1,1.0,1624.0,404.0,80,0,0,0,1,1,2,,4
23822011919611.0,133.0,,238.0,1.0,23.0,18,1,1,1.0,1624.0,404.0,80,0,0,0,1,1,2,,4
23822011919612.0,133.0,2.0,238.0,1.0,44.0,18,1,1,1.0,1623.0,405.0,520,0,0,0,1,1,4,,4
23822011919613.0,133.0,,238.0,1.0,24.0,18,1,1,1.0,1623.0,,80,0,0,0,1,1,2,,4
23822011919615.0,,1.0,238.0,1.0,29.0,18,1,1,1.0,1623.0,405.0,80,0,0,0,1,1,2,,4
23822011919616.0,133.0,2.0,238.0,1.0,33.0,18,1,1,1.0,1623.0,406.0,80,0,0,0,1,1,3,,4
23822011919617.0,133.0,,238.0,1.0,31.0,18,1,1,1.0,1623.0,405.0,80,0,0,0,1,1,3,,4
23822011919618.0,133.0,,238.0,1.0,22.0,18,1,1,1.0,1623.0,405.0,80,0,0,0,1,1,2,,4
23822011919624.0,133.0,,238.0,1.0,31.0,18,1,1,1.0,1624.0,407.0,515,0,0,0,1,1,3,,4
23822011919625.0,133.0,,238.0,1.0,42.0,18,1,1,1.0,1624.0,274.0,520,0,0,0,1,1,4,,4
23822011919626.0,133.0,,238.0,1.0,38.0,18,1,1,1.0,1624.0,405.0,520,0,0,0,1,1,3,,4
23822011919627.0,133.0,1.0,238.0,1.0,25.0,18,1,1,1.0,1624.0,405.0,520,0,0,0,1,1,2,,4
23822011919628.0,133.0,,238.0,1.0,18.0,18,2,2,,1624.0,405.0,80,0,0,0,1,1,1,,4
23822011919629.0,133.0,,238.0,1.0,56.0,18,1,1,1.0,1624.0,407.0,515,0,0,0,1,1,5,,4
23822011919651.0,133.0,1.0,238.0,1.0,21.0,18,1,1,1.0,1623.0,404.0,520,0,0,0,1,1,2,,4
23822011919654.0,133.0,2.0,238.0,1.0,46.0,18,1,1,1.0,,405.0,520,0,0,0,1,1,4,,4
23822011919655.0,133.0,2.0,238.0,1.0,40.0,18,1,1,1.0,1623.0,404.0,520,0,0,0,1,1,4,,4
23822011919656.0,133.0,,238.0,1.0,24.0,18,1,1,1.0,1623.0,405.0,520,0,0,0,1,1,2,,4
23822011919657.0,,2.0,238.0,1.0,45.0,18,1,1,1.0,1623.0,405.0,520,0,0,0,1,1,4,,4
23822011919658.0,133.0,,238.0,1.0,46.0,18,1,1,1.0,1623.0,405.0,520,0,0,0,1,1,4,,4
23822011919696.0,133.0,,238.0,1.0,42.0,18,1,1,1.0,1621.0,407.0,515,0,0,0,1,1,4,,4
23822011919697.0,133.0,,238.0,1.0,22.0,18,1,1,1.0,1621.0,407.0,515,0,0,0,1,1,2,,4
23822011919698.0,133.0,,238.0,1.0,32.0,18,1,1,1.0,1621.0,407.0,515,0,0,0,1,1,3,,4
23822011919700.0,133.0,,238.0,1.0,27.0,18,1,1,1.0,1621.0,407.0,515,0,0,0,1,1,2,,4
23822011919701.0,133.0,2.0,238.0,1.0,29.0,18,1,1,1.0,,,520,0,0,0,1,1,2,,4
23822011919702.0,133.0,,238.0,1.0,23.0,18,1,1,,1621.0,405.0,498,0,0,0,1,1,2,,4
23822011919763.0,133.0,,238.0,1.0,42.0,18,1,1,1.0,1626.0,410.0,505,0,0,0,1,1,4,,4
23822011919764.0,,1.0,238.0,1.0,37.0,18,1,1,1.0,1626.0,405.0,515,0,0,0,1,1,3,,4
23822011919765.0,133.0,,238.0,1.0,18.0,18,2,2,1.0,1626.0,406.0,515,0,0,0,1,1,1,,4
23822011919766.0,133.0,,238.0,1.0,,18,1,1,1.0,1626.0,274.0,520,0,0,0,1,1,3,,4
23822011919767.0,133.0,,238.0,1.0,28.0,18,1,1,1.0,1626.0,405.0,80,0,0,0,1,1,2,,4
23822011919768.0,133.0,1.0,238.0,1.0,32.0,18,1,1,1.0,1626.0,406.0,80,0,0,0,1,1,3,,4
23822011919769.0,133.0,,238.0,1.0,33.0,18,1,1,1.0,1626.0,409.0,515,0,0,0,1,1,3,,4
23822011919770.0,133.0,,238.0,1.0,57.0,18,1,1,1.0,1626.0,274.0,80,0,0,0,1,1,5,,4
23822011919777.0,133.0,,238.0,1.0,25.0,18,1,1,1.0,1621.0,406.0,80,0,0,0,1,1,2,,4
23822011919778.0,133.0,,238.0,1.0,20.0,18,1,1,1.0,1621.0,405.0,80,0,0,0,1,1,1,,4
23822011919779.0,133.0,1.0,238.0,1.0,22.0,18,1,1,1.0,1621.0,405.0,80,0,0,0,1,1,2,,4
23822011919780.0,133.0,,238.0,1.0,29.0,18,1,1,1.0,,405.0,520,0,0,0,1,1,2,,4
23822011919781.0,133.0,1.0,238.0,1.0,24.0,18,1,1,1.0,1621.0,407.0,520,0,0,0,1,1,2,,4
23822011919782.0,133.0,,238.0,1.0,25.0,18,1,1,1.0,,274.0,80,0,0,0,1,1,2,,4
23822011919796.0,133.0,,238.0,1.0,33.0,18,1,1,1.0,1623.0,274.0,520,0,0,0,1,1,3,,4
23822011919797.0,133.0,,238.0,1.0,36.0,18,1,1,1.0,1623.0,,80,0,0,0,1,1,3,,4
23822011919798.0,133.0,,238.0,1.0,35.0,18,1,1,1.0,,273.0,80,0,0,0,1,1,3,,4
23822011919799.0,133.0,,238.0,1.0,29.0,18,1,1,1.0,1623.0,274.0,520,0,0,0,1,1,2,,4
23822011919800.0,133.0,,238.0,1.0,47.0,18,1,1,1.0,1623.0,407.0,515,0,0,0,1,1,4,,4
23822011919801.0,133.0,,238.0,1.0,23.0,18,1,1,1.0,1625.0,273.0,520,0,0,0,1,1,2,,4
23822011919802.0,133.0,,238.0,1.0,24.0,18,1,1,1.0,1625.0,405.0,80,0,0,0,1,1,2,,4
23822011919813.0,133.0,,238.0,1.0,20.0,18,1,1,1.0,1621.0,274.0,80,0,0,0,1,1,1,,4
23822011919814.0,133.0,,238.0,1.0,51.0,18,1,1,1.0,1621.0,273.0,80,0,0,0,1,1,5,,4
23822011919815.0,,,238.0,1.0,30.0,18,1,1,1.0,1621.0,405.0,80,0,0,0,1,1,3,,4
23822011919816.0,133.0,1.0,,1.0,,18,2,2,1.0,1621.0,405.0,80,0,0,0,1,1,1,,4
23822011919817.0,133.0,1.0,238.0,1.0,19.0,18,1,2,1.0,1621.0,405.0,80,0,0,0,1,1,1,,4
23822011919818.0,133.0,,238.0,1.0,20.0,18,1,1,1.0,,405.0,80,0,0,0,1,1,1,,4
23822011919819.0,133.0,1.0,238.0,1.0,43.0,18,1,1,1.0,1623.0,405.0,520,0,0,0,1,1,4,,4
23822011919827.0,133.0,1.0,238.0,1.0,37.0,18,1,1,1.0,1621.0,404.0,80,0,0,0,1,1,3,,4
23822011919828.0,133.0,1.0,238.0,1.0,,18,1,1,1.0,1621.0,,80,0,0,0,1,1,3,,4
23822011919829.0,,,238.0,1.0,27.0,18,1,1,1.0,1621.0,273.0,80,0,0,0,1,1,2,,4
23822011919830.0,133.0,1.0,238.0,1.0,33.0,18,1,1,1.0,1621.0,405.0,520,0,0,0,1,1,3,,4
23822011919832.0,133.0,,238.0,1.0,36.0,18,1,1,1.0,1621.0,405.0,501,0,0,0,1,1,3,,4
23822011919833.0,133.0,,238.0,1.0,24.0,18,1,1,1.0,1621.0,405.0,520,0,0,0,1,1,2,,4
23822011919845.0,133.0,,238.0,1.0,22.0,18,1,1,1.0,1624.0,405.0,80,0,0,0,1,1,2,,4
23822011919846.0,,,238.0,1.0,,18,1,1,1.0,,407.0,80,0,0,0,1,1,2,,4
23822011919847.0,133.0,,238.0,1.0,18.0,18,2,2,1.0,1624.0,405.0,80,0,0,0,1,1,1,,4
23822011919848.0,133.0,1.0,238.0,1.0,18.0,18,2,2,1.0,1624.0,405.0,80,0,0,0,1,1,1,,4
23822011919853.0,133.0,3.0,238.0,1.0,38.0,18,1,1,1.0,1621.0,273.0,520,0,0,0,1,1,3,,4
23822011919854.0,133.0,3.0,238.0,1.0,21.0,18,1,1,1.0,1621.0,405.0,80,0,0,0,1,1,2,,4
23822011919855.0,133.0,1.0,238.0,1.0,42.0,18,1,1,1.0,1621.0,405.0,520,0,0,0,1,1,4,,4
23822011919879.0,133.0,,238.0,1.0,20.0,18,1,1,1.0,1621.0,405.0,80,0,0,0,1,1,1,,4
23822011919881.0,133.0,1.0,238.0,,25.0,18,1,1,1.0,1621.0,406.0,80,0,0,0,1,1,2,,4
23822011919882.0,133.0,1.0,238.0,1.0,,18,1,1,1.0,,405.0,80,0,0,0,1,1,2,,4
23822011919883.0,133.0,,238.0,1.0,33.0,18,1,1,1.0,1621.0,405.0,520,0,0,0,1,1,3,,4
23822011919884.0,133.0,,238.0,1.0,46.0,18,1,1,1.0,1621.0,405.0,520,0,0,0,1,1,4,,4
23822011919886.0,133.0,2.0,238.0,1.0,47.0,18,1,1,1.0,1621.0,406.0,515,0,0,0,1,1,4,,4
23822011919887.0,133.0,1.0,238.0,1.0,38.0,18,1,1,1.0,1626.0,273.0,520,0,0,0,1,1,3,,4
23822011919888.0,133.0,1.0,238.0,1.0,62.0,18,1,1,,1626.0,,515,0,0,0,1,1,6,,4
23822011919889.0,133.0,2.0,238.0,1.0,22.0,18,1,1,1.0,1626.0,406.0,80,0,0,0,1,1,2,,4
23822011919890.0,133.0,,238.0,1.0,28.0,18,1,1,1.0,1626.0,405.0,520,0,0,0,1,1,2,,4
23822011919891.0,133.0,,238.0,1.0,26.0,18,1,1,1.0,1626.0,407.0,515,0,0,0,1,1,2,,4
23822011919910.0,133.0,1.0,238.0,1.0,45.0,18,1,1,1.0,1621.0,273.0,520,0,0,0,1,1,4,,4
23822011919912.0,133.0,1.0,238.0,1.0,24.0,18,1,1,1.0,1621.0,405.0,80,0,0,0,1,1,2,,4
23822011919913.0,133.0,1.0,,1.0,24.0,18,1,1,1.0,,407.0,505,0,0,0,1,1,2,,4
23822011919930.0,,1.0,238.0,1.0,42.0,18,1,1,1.0,1625.0,404.0,520,0,0,0,1,1,4,,4
23822011919931.0,133.0,,238.0,1.0,18.0,18,2,2,1.0,1625.0,405.0,80,0,0,0,1,1,1,,4
23822011919932.0,133.0,,238.0,1.0,27.0,18,1,1,1.0,1625.0,406.0,515,0,0,0,1,1,2,,4
23822011919933.0,133.0,,238.0,1.0,36.0,18,1,1,1.0,1625.0,407.0,515,0,0,0,1,1,3,,4
23822011919934.0,133.0,,238.0,1.0,41.0,18,1,1,1.0,1625.0,274.0,520,0,0,0,1,1,4,,4
23822011919935.0,133.0,,,1.0,57.0,18,1,1,1.0,1625.0,404.0,520,0,0,0,1,1,5,,4
23822011919954.0,133.0,,238.0,1.0,35.0,18,1,1,1.0,1621.0,405.0,80,0,0,0,1,1,3,,4
23822011920134.0,133.0,,238.0,1.0,23.0,18,1,1,1.0,1621.0,406.0,80,0,0,0,1,1,2,,4
23822011920135.0,133.0,,238.0,1.0,19.0,18,1,2,1.0,1621.0,405.0,80,0,0,0,1,1,1,,4
23822011920207.0,133.0,,,1.0,31.0,18,1,1,1.0,1621.0,407.0,80,0,0,0,1,1,3,,4
23822011920612.0,133.0,1.0,238.0,1.0,46.0,18,1,1,1.0,1623.0,407.0,501,0,0,0,1,1,4,,4
23822011920628.0,133.0,1.0,238.0,1.0,29.0,18,1,1,1.0,,405.0,80,0,0,0,1,1,2,,4
23822011920629.0,133.0,1.0,238.0,1.0,22.0,18,1,1,1.0,1621.0,407.0,80,0,0,0,1,1,2,,4
23822011920630.0,133.0,1.0,238.0,1.0,38.0,18,1,1,1.0,1621.0,405.0,80,0,0,0,1,1,3,,4
23822011920631.0,133.0,2.0,238.0,1.0,24.0,18,1,1,1.0,1621.0,405.0,80,0,0,0,1,1,2,,4
23822011920632.0,133.0,1.0,238.0,,41.0,18,1,1,1.0,1621.0,408.0,515,0,0,0,1,1,4,,4
23822011920633.0,133.0,,238.0,1.0,,18,1,1,1.0,1621.0,274.0,80,0,0,0,1,1,2,,4
23822011920634.0,133.0,,238.0,1.0,27.0,18,1,1,1.0,1624.0,407.0,80,0,0,0,1,1,2,,4
23822011920709.0,133.0,2.0,238.0,1.0,28.0,18,1,1,1.0,1623.0,273.0,80,0,0,0,1,1,2,,4
23822011920710.0,133.0,,238.0,1.0,40.0,18,1,1,1.0,1623.0,405.0,80,0,0,0,1,1,4,,4
23822011920711.0,133.0,2.0,238.0,1.0,32.0,18,1,1,1.0,1623.0,274.0,80,0,0,0,1,1,3,,4
23822011920712.0,133.0,,238.0,1.0,52.0,18,1,1,1.0,1623.0,407.0,515,0,0,0,1,1,5,,4
23822011920713.0,,1.0,238.0,1.0,35.0,18,1,1,1.0,1623.0,,515,0,0,0,1,1,3,,4
23822011920714.0,133.0,1.0,238.0,1.0,21.0,18,1,1,1.0,1623.0,405.0,80,0,0,0,1,1,2,,4
23822011920743.0,133.0,,238.0,1.0,33.0,18,1,1,1.0,1623.0,405.0,520,0,0,0,1,1,3,,4
23822011920745.0,133.0,1.0,238.0,1.0,26.0,18,1,1,1.0,1623.0,406.0,80,0,0,0,1,1,2,,4
23822011920746.0,133.0,,238.0,1.0,37.0,18,1,1,1.0,,405.0,80,0,0,0,1,1,3,,4
23822011920771.0,133.0,,238.0,1.0,29.0,18,1,1,1.0,1624.0,406.0,80,0,0,0,1,1,2,,4
23822011920787.0,133.0,,238.0,1.0,32.0,18,1,1,1.0,1621.0,405.0,80,0,0,0,1,1,3,,4
23822011920788.0,133.0,1.0,238.0,1.0,24.0,18,1,1,1.0,1621.0,405.0,80,0,0,0,1,1,2,,4
23822011920789.0,133.0,,238.0,1.0,27.0,18,1,1,1.0,1621.0,405.0,80,0,0,0,1,1,2,,4
23822011920790.0,133.0,,238.0,1.0,19.0,18,1,2,1.0,1621.0,405.0,80,0,0,0,1,1,1,,4
23822011920853.0,133.0,,238.0,1.0,55.0,18,1,1,1.0,,407.0,498,0,0,0,1,1,5,,4
23822011920854.0,133.0,,238.0,1.0,22.0,18,1,1,1.0,1624.0,404.0,80,0,0,0,1,1,2,,4
23822011920855.0,133.0,,238.0,1.0,33.0,18,1,1,1.0,1624.0,405.0,520,0,0,0,1,1,3,,4
23822011920856.0,133.0,,238.0,1.0,36.0,18,1,1,1.0,1624.0,406.0,520,0,0,0,1,1,3,,4
23822011920857.0,133.0,,238.0,1.0,48.0,18,1,1,1.0,1624.0,405.0,80,0,0,0,1,1,4,,4
23822011920869.0,133.0,,238.0,1.0,38.0,18,1,1,1.0,1623.0,407.0,498,0,0,0,1,1,3,,4
23822011920870.0,133.0,,238.0,1.0,36.0,18,1,1,1.0,1621.0,273.0,520,0,0,0,1,1,3,,4
23822011920871.0,133.0,,238.0,1.0,46.0,18,1,1,,1621.0,405.0,520,0,0,0,1,1,4,,4
23822011920872.0,133.0,1.0,238.0,1.0,38.0,18,1,1,1.0,1621.0,273.0,520,0,0,0,1,1,3,,4
23822011920873.0,133.0,,238.0,1.0,30.0,18,1,1,1.0,1621.0,273.0,520,0,0,0,1,1,3,,4
23822011920874.0,133.0,1.0,238.0,1.0,37.0,18,1,1,1.0,1621.0,273.0,80,0,0,0,1,1,3,,4
23822011920875.0,133.0,1.0,238.0,1.0,23.0,18,1,1,1.0,,273.0,80,0,0,0,1,1,2,,4
23822011920876.0,133.0,2.0,238.0,1.0,22.0,18,1,1,1.0,1621.0,407.0,80,0,0,0,1,1,2,,4
23822011920877.0,133.0,2.0,238.0,1.0,30.0,18,1,1,1.0,1621.0,274.0,520,0,0,0,1,1,3,,4
23822011920878.0,133.0,,238.0,1.0,19.0,18,1,2,1.0,1624.0,405.0,520,0,0,0,1,1,1,,4
23822011920879.0,133.0,,238.0,1.0,20.0,18,1,1,1.0,1624.0,405.0,520,0,0,0,1,1,1,,4
23822011920880.0,133.0,,238.0,1.0,23.0,18,1,1,1.0,1624.0,274.0,520,0,0,0,1,1,2,,4
23822011920881.0,133.0,2.0,238.0,1.0,49.0,18,1,1,1.0,1624.0,274.0,80,0,0,0,1,1,4,,4
23822011920882.0,133.0,,238.0,1.0,25.0,18,1,1,1.0,1624.0,274.0,80,0,0,0,1,1,2,,4
23822011920883.0,133.0,,238.0,1.0,22.0,18,1,1,1.0,1624.0,405.0,515,0,0,0,1,1,2,,4
23822011920901.0,133.0,,238.0,1.0,44.0,18,1,1,1.0,1621.0,,80,0,0,0,1,1,4,,4
23822011920902.0,133.0,,238.0,1.0,45.0,18,1,1,1.0,1621.0,408.0,519,0,0,0,1,1,4,,4
23822011920903.0,133.0,,238.0,1.0,22.0,18,1,1,1.0,,406.0,498,0,0,0,1,1,2,,4
23822011920904.0,133.0,,238.0,,24.0,18,1,1,1.0,1621.0,405.0,520,0,0,0,1,1,2,,4
23822011920905.0,133.0,,238.0,1.0,32.0,18,1,1,1.0,1621.0,405.0,80,0,0,0,1,1,3,,4
23822011920906.0,133.0,,238.0,1.0,,18,1,1,1.0,1621.0,404.0,520,0,0,0,1,1,5,,4
23822011920908.0,133.0,,238.0,1.0,18.0,18,2,2,1.0,1622.0,406.0,80,0,0,0,1,1,1,,4
23822011920909.0,133.0,,238.0,1.0,48.0,18,1,1,1.0,1622.0,405.0,80,0,0,0,1,1,4,,4
23822011920910.0,133.0,1.0,238.0,1.0,37.0,18,1,1,1.0,1622.0,407.0,515,0,0,0,1,1,3,,4
23822011920936.0,133.0,,238.0,1.0,46.0,18,1,1,1.0,1623.0,274.0,520,0,0,0,1,1,4,,4
23822011920937.0,133.0,1.0,238.0,1.0,21.0,18,1,1,1.0,1623.0,405.0,520,0,0,0,1,1,2,,4
23822011920938.0,133.0,,238.0,1.0,,18,2,2,1.0,1623.0,405.0,80,0,0,0,1,1,1,,4
23822011920939.0,133.0,,238.0,1.0,19.0,18,1,2,1.0,1623.0,404.0,520,0,0,0,1,1,1,,4
23822011920940.0,133.0,,238.0,1.0,34.0,18,1,1,1.0,1623.0,274.0,520,0,0,0,1,1,3,,4
23822011920941.0,133.0,,238.0,1.0,27.0,18,1,1,1.0,1623.0,274.0,80,0,0,0,1,1,2,,4
23822011920944.0,133.0,,238.0,1.0,42.0,18,1,1,1.0,1621.0,405.0,80,0,0,0,1,1,4,,4
23822011920945.0,133.0,,238.0,1.0,47.0,18,1,1,1.0,1621.0,405.0,520,0,0,0,1,1,4,,4
23822011920946.0,,,238.0,1.0,,18,1,1,1.0,1621.0,406.0,520,0,0,0,1,1,3,,4
23822011920947.0,,2.0,238.0,1.0,23.0,18,1,1,1.0,1621.0,406.0,80,0,0,0,1,1,2,,4
23822011920949.0,133.0,1.0,238.0,1.0,49.0,18,1,1,1.0,1621.0,406.0,80,0,0,0,1,1,4,,4
23822011920950.0,133.0,,238.0,1.0,19.0,18,1,2,1.0,1621.0,405.0,80,0,0,0,1,1,1,,4
23822011920951.0,133.0,,238.0,1.0,33.0,18,1,1,1.0,1621.0,405.0,520,0,0,0,1,1,3,,4
23822011920952.0,133.0,1.0,238.0,1.0,26.0,18,1,1,1.0,1621.0,407.0,80,0,0,0,1,1,2,,4
23822011920953.0,133.0,1.0,238.0,1.0,44.0,18,1,1,1.0,1621.0,407.0,80,0,0,0,1,1,4,,4
23822011920954.0,133.0,1.0,238.0,1.0,44.0,18,1,1,1.0,1621.0,407.0,80,0,0,0,1,1,4,,4
23822011920955.0,133.0,1.0,238.0,1.0,35.0,18,1,1,1.0,1621.0,406.0,520,0,0,0,1,1,3,,4
23822011920956.0,133.0,1.0,238.0,1.0,26.0,18,1,1,1.0,1621.0,274.0,80,0,0,0,0,1,2,,4
23822011920957.0,133.0,,238.0,1.0,28.0,18,1,1,1.0,1621.0,405.0,520,0,0,0,1,1,2,,4
23822011920958.0,133.0,,238.0,1.0,45.0,18,1,1,1.0,,407.0,498,0,0,0,1,1,4,,4
23822011920959.0,133.0,,238.0,1.0,46.0,18,1,1,1.0,1621.0,274.0,515,0,0,0,1,1,4,,4
23822011920960.0,133.0,1.0,238.0,,49.0,18,1,1,1.0,1621.0,406.0,501,0,0,0,1,1,4,,4
23822011920961.0,133.0,,238.0,1.0,37.0,18,1,1,1.0,,404.0,501,0,0,0,1,1,3,,4
23822011920962.0,133.0,,238.0,,59.0,18,1,1,,1621.0,408.0,519,0,0,0,1,1,5,,4
23822011920963.0,133.0,,238.0,1.0,35.0,18,1,1,1.0,1621.0,273.0,520,0,0,0,1,1,3,,4
23822011920964.0,133.0,,238.0,1.0,20.0,18,1,1,1.0,1621.0,406.0,80,0,0,0,1,1,1,,4
23822011920965.0,133.0,,238.0,1.0,27.0,18,1,1,1.0,1621.0,405.0,520,0,0,0,1,1,2,,4
23822011920966.0,133.0,,238.0,1.0,44.0,18,1,1,1.0,1621.0,406.0,520,0,0,0,1,1,4,,4
23822011920967.0,133.0,1.0,238.0,1.0,32.0,18,1,1,1.0,1621.0,406.0,80,0,0,0,1,1,3,,4
23822011920968.0,133.0,2.0,238.0,1.0,46.0,18,1,1,1.0,1621.0,408.0,498,0,0,0,1,1,4,,4
23822011920969.0,133.0,,238.0,1.0,,18,1,1,1.0,1621.0,407.0,520,0,0,0,1,1,4,,4
23822011920970.0,133.0,,238.0,1.0,36.0,18,1,1,1.0,1623.0,405.0,80,0,0,0,1,1,3,,4
23822011920971.0,133.0,,238.0,1.0,45.0,18,1,1,,1623.0,406.0,515,0,0,0,1,1,4,,4
23822011920972.0,133.0,,238.0,1.0,29.0,18,1,1,1.0,1623.0,406.0,520,0,0,0,1,1,2,,4
23822011920973.0,133.0,,238.0,1.0,35.0,18,1,1,1.0,1623.0,404.0,520,0,0,0,1,1,3,,4
23822011921006.0,133.0,,238.0,1.0,47.0,18,1,1,1.0,1626.0,407.0,515,0,0,0,1,1,4,,4
23822011921020.0,133.0,1.0,238.0,1.0,20.0,18,1,1,,1625.0,406.0,80,0,0,0,1,1,1,,4
23822011921021.0,133.0,1.0,238.0,1.0,26.0,18,1,1,1.0,1625.0,404.0,520,0,0,0,1,1,2,,4
23822011921022.0,133.0,3.0,238.0,1.0,19.0,18,1,2,1.0,1625.0,406.0,80,0,0,0,1,1,1,,4
23822011921023.0,133.0,,238.0,1.0,42.0,18,1,1,1.0,1626.0,410.0,505,0,0,0,1,1,4,,4
23822011921025.0,133.0,,238.0,,32.0,18,1,1,1.0,1626.0,405.0,80,0,0,0,1,1,3,,4
23822011921026.0,133.0,,238.0,1.0,35.0,18,1,1,1.0,1626.0,406.0,515,0,0,0,1,1,3,,4
23822011921027.0,133.0,,238.0,1.0,24.0,18,1,1,1.0,1626.0,407.0,80,0,0,0,1,1,2,,4
23822011921028.0,133.0,,238.0,1.0,29.0,18,1,1,1.0,1626.0,273.0,80,0,0,0,1,1,2,,4
23822011921029.0,,1.0,238.0,1.0,32.0,18,1,1,1.0,1621.0,405.0,80,0,0,0,1,1,3,,4
23822011921030.0,133.0,1.0,238.0,1.0,47.0,18,1,1,1.0,1621.0,408.0,498,0,0,0,1,1,4,,4
23822011921031.0,133.0,,238.0,1.0,50.0,18,1,1,1.0,1621.0,404.0,80,0,0,0,1,1,5,,4
23822011921032.0,133.0,2.0,238.0,1.0,34.0,18,1,1,1.0,1621.0,406.0,80,0,0,0,1,1,3,,4
23822011921033.0,133.0,,238.0,1.0,30.0,18,1,1,1.0,1621.0,406.0,80,0,0,0,1,1,3,,4
23822011921034.0,133.0,1.0,238.0,1.0,24.0,18,1,1,1.0,1621.0,405.0,520,0,0,0,1,1,2,,4
23822011921666.0,133.0,1.0,238.0,1.0,41.0,18,1,1,1.0,1625.0,406.0,515,0,0,0,1,1,4,,4
23822011921667.0,133.0,1.0,238.0,1.0,36.0,18,1,1,1.0,1625.0,407.0,515,0,0,0,1,1,3,,4
23822011921668.0,133.0,1.0,238.0,1.0,32.0,18,1,1,1.0,,405.0,520,0,0,0,1,1,3,,4
23822011921959.0,133.0,,,1.0,23.0,18,1,1,1.0,1625.0,405.0,503,0,0,0,1,1,2,,4
23822011922110.0,133.0,1.0,238.0,1.0,20.0,18,1,1,1.0,1623.0,406.0,80,0,0,0,1,1,1,,4
23822011922111.0,133.0,,238.0,1.0,47.0,18,1,1,1.0,1623.0,405.0,80,0,0,0,1,1,4,,4
23822011922332.0,133.0,,238.0,1.0,35.0,18,1,1,1.0,1623.0,273.0,520,0,0,0,1,1,3,,4
23822011922333.0,133.0,,238.0,1.0,57.0,18,1,1,1.0,1623.0,274.0,520,0,0,0,1,1,5,,4
23822011922334.0,133.0,,238.0,1.0,40.0,18,1,1,1.0,1623.0,404.0,520,0,0,0,1,1,4,,4
23822011922370.0,133.0,1.0,238.0,1.0,25.0,18,1,1,1.0,1621.0,407.0,80,0,0,0,1,1,2,,4
23822011922374.0,133.0,2.0,238.0,1.0,23.0,18,1,1,1.0,1621.0,405.0,80,0,0,0,1,1,2,,4
23822011922377.0,133.0,1.0,238.0,1.0,,18,1,1,1.0,1621.0,405.0,520,0,0,0,1,1,4,,4
23822011922378.0,133.0,1.0,238.0,1.0,45.0,18,1,1,1.0,1621.0,407.0,501,0,0,0,1,1,4,,4
23822011922380.0,133.0,2.0,238.0,1.0,22.0,18,1,1,1.0,1621.0,405.0,80,0,0,0,0,0,2,,4
,133.0,1.0,238.0,1.0,,18,1,1,1.0,1621.0,404.0,520,0,0,0,1,1,3,,4
23822011922414.0,133.0,1.0,238.0,1.0,29.0,18,1,1,1.0,1621.0,407.0,520,0,0,0,1,1,2,,4
23822011922415.0,133.0,,238.0,1.0,,18,1,2,1.0,1621.0,407.0,80,0,0,0,1,1,1,,4
23822011922416.0,133.0,1.0,238.0,1.0,45.0,18,1,1,1.0,1621.0,274.0,80,0,0,0,1,1,4,,4
23822011922417.0,,1.0,238.0,1.0,40.0,18,1,1,,1621.0,405.0,520,0,0,0,1,1,4,,4
23822011922418.0,133.0,1.0,238.0,1.0,,18,1,1,1.0,1621.0,405.0,520,0,0,0,1,1,4,,4
23822011922491.0,133.0,,238.0,1.0,35.0,18,1,1,1.0,,407.0,498,0,0,0,1,1,3,,4
23822011922492.0,133.0,1.0,238.0,1.0,36.0,18,1,1,1.0,1621.0,407.0,498,0,0,0,1,1,3,,4
23822011922493.0,133.0,1.0,238.0,1.0,48.0,18,1,1,,1621.0,407.0,503,0,0,0,1,1,4,,4
23822011922494.0,133.0,,238.0,1.0,57.0,18,1,1,1.0,1621.0,406.0,520,0,0,0,1,1,5,,4
23822011922495.0,133.0,,238.0,1.0,19.0,18,1,2,1.0,1621.0,274.0,80,0,0,0,1,1,1,,4
23822011922496.0,133.0,,238.0,1.0,26.0,18,1,1,1.0,1621.0,405.0,80,0,0,0,1,1,2,,4
23822011922499.0,133.0,1.0,238.0,1.0,46.0,18,1,1,1.0,1623.0,407.0,498,0,0,0,1,1,4,,4
23822011922517.0,133.0,1.0,238.0,1.0,39.0,18,1,1,1.0,1621.0,405.0,80,0,0,0,1,1,3,,4
,133.0,1.0,238.0,1.0,32.0,18,1,1,1.0,1621.0,407.0,498,0,0,0,1,1,3,,4
23822011922519.0,133.0,1.0,238.0,1.0,29.0,18,1,1,1.0,1621.0,,520,0,0,0,1,1,2,,4
23822011922520.0,133.0,1.0,238.0,1.0,45.0,18,1,1,,1621.0,405.0,80,0,0,0,1,1,4,,4
23822011922540.0,133.0,2.0,238.0,1.0,47.0,18,1,1,1.0,1621.0,,520,0,0,0,0,1,4,,4
23822011922541.0,133.0,2.0,238.0,1.0,34.0,18,1,1,1.0,1621.0,408.0,520,0,0,0,1,1,3,,4
23822011922550.0,133.0,,238.0,1.0,35.0,18,1,1,1.0,1624.0,407.0,498,0,0,0,1,1,3,,4
23822011922552.0,133.0,2.0,238.0,1.0,44.0,18,1,1,,1624.0,405.0,520,0,0,0,1,1,4,,4
23822011922553.0,133.0,1.0,238.0,1.0,59.0,18,1,1,1.0,1624.0,405.0,520,0,0,0,1,1,5,,4
23822011922554.0,133.0,,238.0,1.0,31.0,18,1,1,,,405.0,80,0,0,0,1,1,3,,4
23822011922555.0,133.0,1.0,238.0,1.0,20.0,18,1,1,1.0,1624.0,405.0,80,0,0,0,1,1,1,,4
23822011922556.0,,1.0,,1.0,36.0,18,1,1,1.0,1624.0,409.0,498,0,0,0,1,1,3,,4
23822011922557.0,133.0,,238.0,1.0,,18,1,1,1.0,1624.0,407.0,80,0,0,0,1,1,3,,4
23822011922558.0,133.0,,238.0,1.0,46.0,18,1,1,1.0,1625.0,274.0,520,0,0,0,1,1,4,,4
23822011922559.0,133.0,1.0,238.0,1.0,47.0,18,1,1,1.0,1625.0,406.0,498,0,0,0,1,1,4,,4
23822011922560.0,133.0,,238.0,1.0,26.0,18,1,1,1.0,1625.0,405.0,520,0,0,0,1,1,2,,4
23822011922579.0,133.0,,238.0,1.0,33.0,18,1,1,1.0,1622.0,405.0,520,0,0,0,1,1,3,,4
23822011922588.0,133.0,1.0,238.0,1.0,48.0,18,1,1,1.0,1621.0,274.0,520,0,0,0,1,1,4,,4
23822011922599.0,133.0,,,1.0,20.0,18,1,1,1.0,1624.0,405.0,80,0,0,0,1,1,1,,4
,133.0,,238.0,1.0,40.0,18,1,1,1.0,1624.0,407.0,80,0,0,0,1,1,4,,4
23822011922601.0,133.0,1.0,238.0,1.0,40.0,18,1,1,1.0,1624.0,407.0,80,0,0,0,1,1,4,,4
23822011922602.0,133.0,1.0,238.0,1.0,,18,1,1,1.0,1624.0,273.0,80,0,0,0,1,1,3,,4
23822011922603.0,133.0,,238.0,1.0,32.0,18,1,1,1.0,1624.0,406.0,80,0,0,0,1,1,3,,4
23822011922604.0,133.0,,238.0,1.0,25.0,18,1,1,1.0,1624.0,406.0,80,0,0,0,0,1,2,,4
23822011922605.0,133.0,,238.0,1.0,30.0,18,1,1,1.0,1624.0,405.0,80,0,0,0,1,1,3,,4
23822011922606.0,133.0,1.0,238.0,1.0,46.0,18,1,1,1.0,1624.0,407.0,80,0,0,0,1,1,4,,4
23822011922607.0,133.0,,238.0,1.0,18.0,18,2,2,1.0,1624.0,406.0,80,0,0,0,1,1,1,,4
23822011922608.0,133.0,,,1.0,50.0,18,1,1,1.0,1624.0,273.0,80,0,0,0,1,1,5,,4
23822011922628.0,133.0,,238.0,1.0,45.0,18,1,1,1.0,1623.0,408.0,501,0,0,0,1,1,4,,4
23822011922629.0,133.0,,238.0,1.0,45.0,18,1,1,1.0,1623.0,404.0,80,0,0,0,1,1,4,,4
23822011922637.0,133.0,,238.0,1.0,29.0,18,1,1,1.0,1621.0,405.0,520,0,0,0,1,1,2,,4
23822011922638.0,133.0,,238.0,1.0,60.0,18,1,1,1.0,1621.0,404.0,520,0,0,0,1,1,6,,4
23822011922639.0,133.0,,238.0,1.0,35.0,18,1,1,1.0,1621.0,,520,0,0,0,1,1,3,,4
23822011922640.0,133.0,,238.0,1.0,32.0,18,1,1,1.0,1621.0,405.0,520,0,0,0,1,1,3,,4
23822011922641.0,133.0,,238.0,1.0,38.0,18,1,1,1.0,1621.0,404.0,520,0,0,0,1,1,3,,4
23822011922643.0,133.0,,238.0,1.0,57.0,18,1,1,1.0,1621.0,273.0,520,0,0,0,1,1,5,,4
23822011922644.0,133.0,,238.0,1.0,19.0,18,1,2,1.0,1623.0,273.0,520,0,0,0,1,1,1,,4
23822011922645.0,133.0,1.0,238.0,1.0,35.0,18,1,1,1.0,1623.0,274.0,80,0,0,0,1,1,3,,4
23822011922646.0,133.0,,238.0,1.0,36.0,18,1,1,1.0,1621.0,408.0,503,0,0,0,1,1,3,,4
23822011922647.0,133.0,,238.0,1.0,23.0,18,1,1,1.0,1621.0,407.0,520,0,0,0,1,1,2,,4
23822011922649.0,133.0,,238.0,1.0,28.0,18,1,1,1.0,1621.0,407.0,498,0,0,0,1,1,2,,4
23822011922650.0,133.0,,238.0,1.0,,18,1,1,1.0,1621.0,405.0,80,0,0,0,1,1,5,,4
23822011922651.0,133.0,,238.0,1.0,41.0,18,1,1,1.0,1621.0,407.0,520,0,0,0,1,1,4,,4
23822011922652.0,133.0,1.0,238.0,1.0,28.0,18,1,1,1.0,1621.0,407.0,80,0,0,0,0,1,2,,4
23822011922653.0,133.0,2.0,238.0,1.0,34.0,18,1,1,1.0,1623.0,,503,0,0,0,1,1,3,,4
23822011922654.0,133.0,2.0,238.0,1.0,24.0,18,1,1,1.0,,405.0,80,0,0,0,1,1,2,,4
23822011922655.0,133.0,2.0,238.0,1.0,23.0,18,1,1,1.0,1623.0,407.0,80,0,0,0,1,1,2,,4
23822011922678.0,133.0,1.0,238.0,1.0,24.0,18,1,1,1.0,1621.0,406.0,80,0,0,0,1,1,2,,4
23822011922686.0,133.0,1.0,238.0,1.0,22.0,18,1,1,1.0,1623.0,405.0,80,0,0,0,1,1,2,,4
23822011922692.0,133.0,1.0,238.0,1.0,20.0,18,1,1,,1621.0,274.0,80,0,0,0,1,1,1,,4
23822011922693.0,133.0,1.0,238.0,1.0,25.0,18,1,1,1.0,1621.0,407.0,80,0,0,0,0,1,2,,4
23822011922694.0,133.0,1.0,238.0,1.0,45.0,18,1,1,1.0,1621.0,274.0,520,0,0,0,1,1,4,,4
23822011922695.0,,1.0,238.0,1.0,48.0,18,1,1,1.0,1621.0,406.0,501,0,0,0,1,1,4,,4
23822011922696.0,133.0,1.0,238.0,1.0,27.0,18,1,1,1.0,1621.0,405.0,520,0,0,0,1,1,2,,4
23822011922697.0,133.0,,238.0,1.0,35.0,18,1,1,1.0,1626.0,405.0,80,0,0,0,1,1,3,,4
23822011922698.0,133.0,,238.0,1.0,27.0,18,1,1,1.0,1626.0,406.0,498,0,0,0,1,1,2,,4
23822011922699.0,133.0,2.0,238.0,1.0,46.0,18,1,1,1.0,1626.0,408.0,498,0,0,0,1,1,4,,4
23822011922700.0,133.0,,238.0,1.0,23.0,18,1,1,1.0,1626.0,405.0,520,0,0,0,1,1,2,,4
23822011922701.0,133.0,,238.0,1.0,52.0,18,1,1,1.0,1626.0,405.0,520,0,0,0,1,1,5,,4
23822011922702.0,133.0,,238.0,1.0,20.0,18,1,1,1.0,1626.0,405.0,80,0,0,0,1,1,1,,4
23822011931540.0,133.0,1.0,238.0,1.0,46.0,18,1,1,1.0,1621.0,407.0,80,0,0,0,1,1,4,,4
23822011932891.0,133.0,1.0,238.0,1.0,32.0,18,1,1,1.0,1625.0,274.0,520,0,0,0,1,1,3,,4
23822011932892.0,133.0,1.0,238.0,1.0,29.0,18,1,1,1.0,1625.0,405.0,520,0,0,0,1,1,2,,4
,133.0,,238.0,1.0,31.0,18,1,1,1.0,1625.0,407.0,515,0,0,0,1,1,3,,4
23822011932894.0,133.0,1.0,238.0,,36.0,18,1,1,1.0,1625.0,,515,0,0,0,1,1,3,,4
23822011933011.0,133.0,,238.0,1.0,29.0,18,1,1,1.0,1621.0,406.0,520,0,0,0,1,1,2,,4
23822011933013.0,133.0,,238.0,1.0,32.0,18,1,1,1.0,1621.0,273.0,80,0,0,0,1,1,3,,4
23822011933014.0,133.0,1.0,238.0,1.0,31.0,18,1,1,1.0,1621.0,406.0,80,0,0,0,1,1,3,,4
23822011933015.0,133.0,,238.0,1.0,59.0,18,1,1,1.0,,405.0,80,0,0,0,1,1,5,,4
23822011933084.0,133.0,,238.0,1.0,20.0,18,1,1,1.0,1621.0,405.0,80,0,0,0,1,1,1,,4
23822011933085.0,133.0,,238.0,1.0,33.0,18,1,1,1.0,1621.0,273.0,520,0,0,0,1,1,3,,4
23822011933120.0,133.0,1.0,238.0,1.0,54.0,18,1,1,1.0,1621.0,405.0,520,0,0,0,1,1,5,,4
23822011933135.0,133.0,,238.0,1.0,35.0,18,1,1,1.0,1621.0,405.0,80,0,0,0,1,1,3,,4
23822011933149.0,133.0,3.0,238.0,1.0,36.0,18,1,1,1.0,1621.0,406.0,80,0,0,0,1,1,3,,4
23822011933237.0,133.0,,238.0,1.0,41.0,18,1,1,1.0,1624.0,274.0,80,0,0,0,1,1,4,,4
23822011933520.0,133.0,1.0,238.0,1.0,45.0,18,1,1,1.0,1621.0,405.0,80,0,0,0,1,1,4,,4
23822011933522.0,133.0,1.0,238.0,1.0,,18,1,1,1.0,1621.0,405.0,80,0,0,0,1,1,4,,4
23822011933529.0,133.0,,238.0,1.0,27.0,18,1,1,1.0,1625.0,273.0,80,0,0,0,1,1,2,,4
23822011933530.0,133.0,,238.0,1.0,26.0,18,1,1,1.0,1625.0,405.0,520,0,0,0,1,1,2,,4
23822011933531.0,133.0,1.0,238.0,1.0,28.0,18,1,1,1.0,1625.0,407.0,520,0,0,0,1,1,2,,4
23822011933532.0,133.0,,238.0,1.0,28.0,18,1,1,1.0,1625.0,405.0,520,0,0,0,1,1,2,,4
23822011933533.0,133.0,,238.0,1.0,52.0,18,1,1,,1625.0,274.0,80,0,0,0,1,1,5,,4
23822011933541.0,133.0,,238.0,1.0,30.0,18,1,1,1.0,1624.0,404.0,80,0,0,0,1,1,3,,4
23822011933542.0,133.0,,238.0,1.0,50.0,18,1,1,1.0,1624.0,404.0,520,0,0,0,1,1,5,,4
,133.0,,238.0,1.0,40.0,18,1,1,1.0,1624.0,407.0,498,0,0,0,1,1,4,,4
23822011933544.0,133.0,,238.0,1.0,33.0,18,1,1,1.0,1624.0,404.0,80,0,0,0,1,1,3,,4
23822011933545.0,133.0,,238.0,1.0,23.0,18,1,1,1.0,1624.0,274.0,80,0,0,0,1,1,2,,4
23822011933546.0,133.0,,238.0,1.0,20.0,18,1,1,1.0,1624.0,406.0,80,0,0,0,1,1,1,,4
23822011933588.0,133.0,2.0,238.0,1.0,36.0,18,1,1,1.0,1624.0,405.0,80,0,0,0,1,1,3,,4
23822011933589.0,133.0,2.0,238.0,1.0,31.0,18,1,1,1.0,1624.0,405.0,520,0,0,0,1,1,3,,4
23822011933590.0,133.0,2.0,238.0,1.0,42.0,18,1,1,1.0,1624.0,405.0,80,0,0,0,1,1,4,,4
23822011933591.0,133.0,,238.0,1.0,27.0,18,1,1,1.0,1624.0,405.0,520,0,0,0,1,1,2,,4
23822011933592.0,133.0,,238.0,1.0,41.0,18,1,1,1.0,1624.0,273.0,80,0,0,0,1,1,4,,4
23822011933593.0,133.0,2.0,238.0,1.0,44.0,18,1,1,1.0,1624.0,407.0,503,0,0,0,1,1,4,,4
23822011933606.0,133.0,,,1.0,27.0,18,1,1,1.0,1624.0,406.0,80,0,0,0,0,1,2,,4
23822011933607.0,133.0,1.0,238.0,1.0,,18,1,1,1.0,1624.0,407.0,80,0,0,0,1,1,4,,4
23822011933608.0,133.0,1.0,238.0,1.0,37.0,18,1,1,1.0,1624.0,407.0,80,0,0,0,1,1,3,,4
23822011933609.0,133.0,,238.0,1.0,60.0,18,1,1,1.0,1624.0,407.0,80,0,0,0,1,1,6,,4
23822011933610.0,133.0,,238.0,1.0,41.0,18,1,1,1.0,1624.0,405.0,80,0,0,0,1,1,4,,4
23822011933611.0,133.0,,238.0,1.0,20.0,18,1,1,1.0,1624.0,405.0,80,0,0,0,1,1,1,,4
23822011933620.0,133.0,2.0,238.0,1.0,20.0,18,1,1,1.0,,405.0,520,0,0,0,1,1,1,,4
23822011933621.0,133.0,3.0,238.0,1.0,44.0,18,1,1,1.0,1625.0,406.0,515,0,0,0,1,1,4,,4
23822011933623.0,133.0,1.0,238.0,1.0,27.0,18,1,1,1.0,1625.0,406.0,515,0,0,0,1,1,2,,4
23822011933624.0,133.0,,238.0,1.0,29.0,18,1,1,1.0,1625.0,408.0,515,0,0,0,1,1,2,,4
23822011933625.0,133.0,2.0,238.0,1.0,29.0,18,1,1,1.0,1625.0,407.0,515,0,0,0,1,1,2,,4
23822011933626.0,133.0,,238.0,1.0,33.0,18,1,1,1.0,1625.0,274.0,520,0,0,0,1,1,3,,4
23822011933648.0,133.0,1.0,238.0,1.0,34.0,18,1,1,1.0,,406.0,520,0,0,0,1,1,3,,4
23822011933649.0,133.0,,238.0,1.0,41.0,18,1,1,1.0,1621.0,407.0,505,0,0,0,1,1,4,,4
23822011933990.0,133.0,1.0,238.0,1.0,23.0,18,1,1,1.0,1621.0,274.0,80,0,0,0,1,1,2,,4
23822011934324.0,133.0,,238.0,1.0,46.0,18,1,1,1.0,1624.0,406.0,498,0,0,0,1,1,4,,4
23822011934667.0,133.0,,238.0,1.0,36.0,18,1,1,1.0,1624.0,,80,0,0,0,1,1,3,,4
23822011934928.0,133.0,,238.0,1.0,45.0,18,1,1,1.0,1624.0,405.0,80,0,0,0,1,1,4,,4
23822011935004.0,133.0,,238.0,1.0,47.0,18,1,1,1.0,1624.0,405.0,498,0,0,0,1,1,4,,4
23822011935005.0,133.0,,238.0,1.0,43.0,18,1,1,1.0,1624.0,407.0,80,0,0,0,1,1,4,,4
,133.0,,238.0,1.0,37.0,18,1,1,1.0,1624.0,405.0,80,0,0,0,1,1,3,,4
23822011935007.0,133.0,,238.0,1.0,42.0,18,1,1,1.0,1624.0,405.0,520,0,0,0,1,1,4,,4
23822011935050.0,133.0,,238.0,1.0,29.0,18,1,1,1.0,1624.0,274.0,520,0,0,0,1,1,2,,4
23822011935051.0,133.0,,238.0,1.0,32.0,18,1,1,1.0,1624.0,274.0,520,0,0,0,1,1,3,,4
23822011935052.0,133.0,,238.0,1.0,22.0,18,1,1,1.0,1624.0,404.0,520,0,0,0,1,1,2,,4
23822011935053.0,133.0,,238.0,1.0,37.0,18,1,1,1.0,1624.0,274.0,80,0,0,0,1,1,3,,4
23822011935054.0,133.0,,238.0,1.0,,18,1,1,1.0,1624.0,405.0,520,0,0,0,1,1,3,,4
23822011935055.0,133.0,2.0,238.0,1.0,50.0,18,1,1,1.0,1624.0,405.0,520,0,0,0,1,1,5,,4
23822011935056.0,133.0,2.0,238.0,1.0,41.0,18,1,1,1.0,1624.0,407.0,498,0,0,0,1,1,4,,4
23822011935057.0,133.0,2.0,238.0,1.0,35.0,18,1,1,1.0,1624.0,407.0,498,0,0,0,1,1,3,,4
,,,238.0,1.0,46.0,18,1,1,1.0,1624.0,405.0,520,0,0,0,1,1,4,,4
23822011935059.0,133.0,,238.0,,46.0,18,1,1,1.0,1624.0,406.0,520,0,0,0,1,1,4,,4
23822011935060.0,133.0,,238.0,1.0,52.0,18,1,1,1.0,1624.0,405.0,520,0,0,0,1,1,5,,4
23822011935077.0,133.0,,238.0,1.0,20.0,18,1,1,1.0,1625.0,274.0,520,0,0,0,1,1,1,,4
23822011935078.0,133.0,1.0,238.0,1.0,18.0,18,2,2,1.0,1625.0,406.0,520,0,0,0,1,1,1,,4
23822011935079.0,133.0,,238.0,1.0,56.0,18,1,1,1.0,1625.0,406.0,520,0,0,0,1,1,5,,4
23822011935080.0,133.0,,238.0,1.0,55.0,18,1,1,1.0,1625.0,406.0,520,0,0,0,1,1,5,,4
23822011935111.0,133.0,1.0,238.0,1.0,24.0,18,1,1,1.0,1625.0,407.0,80,0,0,0,1,1,2,,4
23822011935112.0,133.0,,238.0,1.0,48.0,18,1,1,1.0,1625.0,405.0,520,0,0,0,1,1,4,,4
23822011935113.0,133.0,1.0,238.0,1.0,23.0,18,1,1,1.0,1625.0,406.0,80,0,0,0,1,1,2,,4
23822011935114.0,133.0,,238.0,1.0,24.0,18,1,1,1.0,1625.0,405.0,520,0,0,0,1,1,2,,4
23822011935115.0,133.0,,238.0,1.0,22.0,18,1,1,1.0,1625.0,405.0,520,0,0,0,1,1,2,,4
23822011935696.0,133.0,,238.0,1.0,40.0,18,1,1,1.0,1624.0,407.0,520,0,0,0,1,1,4,,4
23822011935784.0,133.0,,238.0,,47.0,18,1,1,1.0,1624.0,274.0,520,0,0,0,1,1,4,,4
23822011935785.0,133.0,,238.0,1.0,48.0,18,1,1,1.0,1624.0,407.0,515,0,0,0,1,1,4,,4
23822011935891.0,133.0,1.0,238.0,1.0,46.0,18,1,1,1.0,,405.0,80,0,0,0,1,1,4,,4
23822011935892.0,133.0,,238.0,1.0,48.0,18,1,1,1.0,1624.0,405.0,520,0,0,0,1,1,4,,4
23822011935893.0,133.0,,238.0,1.0,20.0,18,1,1,1.0,,405.0,80,0,0,0,1,1,1,,4
23822011935974.0,133.0,,238.0,1.0,24.0,18,1,1,1.0,1625.0,408.0,515,0,0,0,1,1,2,,4
23822011935975.0,133.0,,238.0,1.0,45.0,18,1,1,1.0,1625.0,407.0,515,0,0,0,1,1,4,,4
23822011935976.0,133.0,,238.0,1.0,44.0,18,1,1,1.0,1625.0,406.0,515,0,0,0,1,1,4,,4
23822011935977.0,133.0,,238.0,1.0,23.0,18,1,1,1.0,1625.0,407.0,520,0,0,0,1,1,2,,4
23822011935979.0,133.0,1.0,238.0,1.0,24.0,18,1,1,1.0,1625.0,408.0,515,0,0,0,1,1,2,,4
23822011935980.0,133.0,,238.0,1.0,24.0,18,1,1,1.0,1625.0,406.0,515,0,0,0,1,1,2,,4
23822011936043.0,133.0,,238.0,1.0,45.0,18,1,1,1.0,1624.0,407.0,80,0,0,0,1,1,4,,4
23822011936044.0,133.0,,238.0,1.0,45.0,18,1,1,1.0,1624.0,406.0,80,0,0,0,1,1,4,,4
23822011936045.0,133.0,,238.0,1.0,22.0,18,1,1,1.0,1625.0,405.0,80,0,0,0,1,1,2,,4
23822011936046.0,133.0,1.0,238.0,1.0,23.0,18,1,1,1.0,,406.0,520,0,0,0,1,1,2,,4
23822011936049.0,133.0,,238.0,1.0,21.0,18,1,1,1.0,1625.0,407.0,520,0,0,0,1,1,2,,4
23822011936378.0,133.0,,238.0,1.0,45.0,18,1,1,1.0,1624.0,407.0,520,0,0,0,1,1,4,,4
23822011936379.0,133.0,,238.0,,34.0,18,1,1,1.0,1624.0,405.0,80,0,0,0,1,1,3,,4
23822011936421.0,133.0,,238.0,1.0,46.0,18,1,1,1.0,1625.0,407.0,520,0,0,0,1,1,4,,4
23822011936422.0,133.0,,238.0,1.0,50.0,18,1,1,1.0,1625.0,405.0,520,0,0,0,1,1,5,,4
23822011936423.0,133.0,,238.0,1.0,55.0,18,1,1,1.0,1625.0,407.0,503,0,0,0,1,1,5,,4
23822011936424.0,133.0,,238.0,1.0,46.0,18,1,1,1.0,1625.0,,520,0,0,0,1,1,4,,4
23822011936425.0,133.0,,238.0,1.0,22.0,18,1,1,1.0,1625.0,405.0,80,0,0,0,1,1,2,,4
23822011936426.0,,,238.0,1.0,,18,1,1,,1625.0,273.0,80,0,0,0,1,1,4,,4
